n_pruned,n_kept,keep_frac,rec_prior,rec_zero,prior_zero_gap
0.000000000000000000e+00,6.144000000000000000e+03,1.000000000000000000e+00,5.677424265543620091e-02,5.677424265543620091e-02,0.000000000000000000e+00
1.000000000000000000e+00,6.143000000000000000e+03,9.998372395833333703e-01,5.677522684733073144e-02,5.677546132405598966e-02,-2.344767252582258266e-07
2.000000000000000000e+00,6.142000000000000000e+03,9.996744791666666297e-01,5.677526397705077998e-02,5.677551727294921635e-02,-2.532958984363675725e-07
3.000000000000000000e+00,6.141000000000000000e+03,9.995117187500000000e-01,5.677508138020833511e-02,5.677522837320963384e-02,-1.469930012987230583e-07
4.000000000000000000e+00,6.140000000000000000e+03,9.993489583333333703e-01,5.677649281819661248e-02,5.677507578531901244e-02,1.417032877600032936e-06
6.000000000000000000e+00,6.138000000000000000e+03,9.990234375000000000e-01,5.677732442220052161e-02,5.677569478352864629e-02,1.629638671875321965e-06
9.000000000000000000e+00,6.135000000000000000e+03,9.985351562500000000e-01,5.677795918782552187e-02,5.677432200113931987e-02,3.637186686201998587e-06
1.300000000000000000e+01,6.131000000000000000e+03,9.978841145833333703e-01,5.677932586669921788e-02,5.677406565348307177e-02,5.260213216146114590e-06
1.800000000000000000e+01,6.126000000000000000e+03,9.970703125000000000e-01,5.678063964843749895e-02,5.677528889973958159e-02,5.350748697917351304e-06
2.600000000000000000e+01,6.118000000000000000e+03,9.957682291666666297e-01,5.678312988281249835e-02,5.677514444986979381e-02,7.985432942704540071e-06
3.800000000000000000e+01,6.106000000000000000e+03,9.938151041666666297e-01,5.678311614990234207e-02,5.677508138020833511e-02,8.034769694006960172e-06
5.400000000000000000e+01,6.090000000000000000e+03,9.912109375000000000e-01,5.678995768229166963e-02,5.677499440511067641e-02,1.496327718099321746e-05
7.800000000000000000e+01,6.066000000000000000e+03,9.873046875000000000e-01,5.679714660644531038e-02,5.677505442301432337e-02,2.209218343098701132e-05
1.130000000000000000e+02,6.031000000000000000e+03,9.816080729166666297e-01,5.680776519775390665e-02,5.677548268636067874e-02,3.228251139322790841e-05
1.620000000000000000e+02,5.982000000000000000e+03,9.736328125000000000e-01,5.682072296142578333e-02,5.677463785807291413e-02,4.608510335286919446e-05
2.330000000000000000e+02,5.911000000000000000e+03,9.620768229166666297e-01,5.684588368733724251e-02,5.677717590332031355e-02,6.870778401692895221e-05
2.560000000000000000e+02,5.888000000000000000e+03,9.583333333333333703e-01,5.684680582682291594e-02,5.677555033365885157e-02,7.125549316406437628e-05
3.350000000000000000e+02,5.809000000000000000e+03,9.454752604166666297e-01,5.686994069417317804e-02,5.677598520914713814e-02,9.395548502603989771e-05
4.820000000000000000e+02,5.662000000000000000e+03,9.215494791666666297e-01,5.691124013264974024e-02,5.677540181477864351e-02,1.358383178710967365e-04
5.120000000000000000e+02,5.632000000000000000e+03,9.166666666666666297e-01,5.692651621500650905e-02,5.677619730631510570e-02,1.503189086914033523e-04
6.940000000000000000e+02,5.450000000000000000e+03,8.870442708333333703e-01,5.697177378336588244e-02,5.677646586100260073e-02,1.953079223632817052e-04
7.680000000000000000e+02,5.376000000000000000e+03,8.750000000000000000e-01,5.699908905029296702e-02,5.677622121175129877e-02,2.228678385416682506e-04
9.980000000000000000e+02,5.146000000000000000e+03,8.375651041666666297e-01,5.706507924397786341e-02,5.677723032633463784e-02,2.878489176432255658e-04
1.024000000000000000e+03,5.120000000000000000e+03,8.333333333333333703e-01,5.706944783528646037e-02,5.677712249755859086e-02,2.923253377278695053e-04
1.280000000000000000e+03,4.864000000000000000e+03,7.916666666666666297e-01,5.715157877604166992e-02,5.677639567057291697e-02,3.751831054687529421e-04
1.435000000000000000e+03,4.709000000000000000e+03,7.664388020833333703e-01,5.719785308837890825e-02,5.677709655761718766e-02,4.207565307617205930e-04
1.536000000000000000e+03,4.608000000000000000e+03,7.500000000000000000e-01,5.722392018636067446e-02,5.677743784586588432e-02,4.464823404947901309e-04
1.792000000000000000e+03,4.352000000000000000e+03,7.083333333333333703e-01,5.731973164876302124e-02,5.677870788574218563e-02,5.410237630208356019e-04
2.048000000000000000e+03,4.096000000000000000e+03,6.666666666666666297e-01,5.737440745035807255e-02,5.677888743082682571e-02,5.955200195312468359e-04
2.065000000000000000e+03,4.079000000000000000e+03,6.638997395833333703e-01,5.738709309895833471e-02,5.677819468180338863e-02,6.088984171549460811e-04
2.304000000000000000e+03,3.840000000000000000e+03,6.250000000000000000e-01,5.745585123697916768e-02,5.677979583740234287e-02,6.760553995768248114e-04
2.560000000000000000e+03,3.584000000000000000e+03,5.833333333333333703e-01,5.753766276041666350e-02,5.678034311930338363e-02,7.573196411132798733e-04
2.816000000000000000e+03,3.328000000000000000e+03,5.416666666666666297e-01,5.760856221516927334e-02,5.677975972493489593e-02,8.288024902343774092e-04
2.969000000000000000e+03,3.175000000000000000e+03,5.167643229166666297e-01,5.764739837646484094e-02,5.678052266438802370e-02,8.668757120768172397e-04
3.072000000000000000e+03,3.072000000000000000e+03,5.000000000000000000e-01,5.769287261962890295e-02,5.678023834228515532e-02,9.126342773437476352e-04
3.327000000000000000e+03,2.817000000000000000e+03,4.584960937500000000e-01,5.776563771565754873e-02,5.678054504394531438e-02,9.850926717122343579e-04
3.583000000000000000e+03,2.561000000000000000e+03,4.168294270833333148e-01,5.783491465250650831e-02,5.678137766520182511e-02,1.053536987304683203e-03
3.839000000000000000e+03,2.305000000000000000e+03,3.751627604166666852e-01,5.793666280110677108e-02,5.678181457519531489e-02,1.154848225911456194e-03
4.095000000000000000e+03,2.049000000000000000e+03,3.334960937500000000e-01,5.797967631022135637e-02,5.678272247314453125e-02,1.196953837076825122e-03
4.271000000000000000e+03,1.873000000000000000e+03,3.048502604166666852e-01,5.808174845377604006e-02,5.678361155192056947e-02,1.298136901855470593e-03
4.351000000000000000e+03,1.793000000000000000e+03,2.918294270833333148e-01,5.807342122395833112e-02,5.678340606689453313e-02,1.290015157063797990e-03
4.607000000000000000e+03,1.537000000000000000e+03,2.501627604166666852e-01,5.815500844319661244e-02,5.678442738850911220e-02,1.370581054687500244e-03
4.863000000000000000e+03,1.281000000000000000e+03,2.084960937500000000e-01,5.829514109293619517e-02,5.678631490071614496e-02,1.508826192220050211e-03
5.119000000000000000e+03,1.025000000000000000e+03,1.668294270833333426e-01,5.837082061767578239e-02,5.678919982910156372e-02,1.581620788574218672e-03
5.375000000000000000e+03,7.690000000000000000e+02,1.251627604166666574e-01,5.848773040771484272e-02,5.679567159016927352e-02,1.692058817545569194e-03
5.631000000000000000e+03,5.130000000000000000e+02,8.349609375000000000e-02,5.861610717773437645e-02,5.681002858479817369e-02,1.806078592936202765e-03
5.639000000000000000e+03,5.050000000000000000e+02,8.219401041666667129e-02,5.858055013020833229e-02,5.681020253499349110e-02,1.770347595214841196e-03
5.647000000000000000e+03,4.970000000000000000e+02,8.089192708333332871e-02,5.859416961669922097e-02,5.681176300048828426e-02,1.782406616210936712e-03
5.655000000000000000e+03,4.890000000000000000e+02,7.958984375000000000e-02,5.859095560709635248e-02,5.681215515136718575e-02,1.778800455729166730e-03
5.663000000000000000e+03,4.810000000000000000e+02,7.828776041666667129e-02,5.858088175455729296e-02,5.681292266845703459e-02,1.767959086100258370e-03
5.671000000000000000e+03,4.730000000000000000e+02,7.698567708333332871e-02,5.861545511881510739e-02,5.681562601725260314e-02,1.799829101562504252e-03
5.679000000000000000e+03,4.650000000000000000e+02,7.568359375000000000e-02,5.860753936767577887e-02,5.681528574625650807e-02,1.792253621419270804e-03
5.687000000000000000e+03,4.570000000000000000e+02,7.438151041666667129e-02,5.862892405192057094e-02,5.681716054280598616e-02,1.811763509114584780e-03
5.695000000000000000e+03,4.490000000000000000e+02,7.307942708333332871e-02,5.863084767659505064e-02,5.681810201009114547e-02,1.812745666503905173e-03
5.703000000000000000e+03,4.410000000000000000e+02,7.177734375000000000e-02,5.864687143961588855e-02,5.682087554931640472e-02,1.825995890299483837e-03
5.711000000000000000e+03,4.330000000000000000e+02,7.047526041666667129e-02,5.865483245849609228e-02,5.682223765055338660e-02,1.832594807942705684e-03
5.719000000000000000e+03,4.250000000000000000e+02,6.917317708333332871e-02,5.864692179361979257e-02,5.682400919596353878e-02,1.822912597656253797e-03
5.727000000000000000e+03,4.170000000000000000e+02,6.787109375000000000e-02,5.865224609374999898e-02,5.682482706705729164e-02,1.827419026692707338e-03
5.735000000000000000e+03,4.090000000000000000e+02,6.656901041666667129e-02,5.865146840413411333e-02,5.682780202229817390e-02,1.823666381835939432e-03
5.743000000000000000e+03,4.010000000000000000e+02,6.526692708333332871e-02,5.867510986328124817e-02,5.682914174397786511e-02,1.845968119303383059e-03
5.751000000000000000e+03,3.930000000000000000e+02,6.396484375000000000e-02,5.867067769368489866e-02,5.683046925862630244e-02,1.840208435058596215e-03
5.759000000000000000e+03,3.850000000000000000e+02,6.266276041666667129e-02,5.866863403320312503e-02,5.683171793619791468e-02,1.836916097005210358e-03
5.767000000000000000e+03,3.770000000000000000e+02,6.136067708333333565e-02,5.869339548746745072e-02,5.683451436360677234e-02,1.858881123860678386e-03
5.775000000000000000e+03,3.690000000000000000e+02,6.005859375000000000e-02,5.868027903238932225e-02,5.683822021484374876e-02,1.842058817545573490e-03
5.783000000000000000e+03,3.610000000000000000e+02,5.875651041666666435e-02,5.870485178629557266e-02,5.684081929524739674e-02,1.864032491048175921e-03
5.791000000000000000e+03,3.530000000000000000e+02,5.745442708333333565e-02,5.869927317301432135e-02,5.684216206868489274e-02,1.857111104329428608e-03
5.799000000000000000e+03,3.450000000000000000e+02,5.615234375000000000e-02,5.871052602132161707e-02,5.684543711344400979e-02,1.865088907877607283e-03
5.807000000000000000e+03,3.370000000000000000e+02,5.485026041666666435e-02,5.874773101806640696e-02,5.684839833577474272e-02,1.899332682291664243e-03
5.815000000000000000e+03,3.290000000000000000e+02,5.354817708333333565e-02,5.874585927327474061e-02,5.685133260091145696e-02,1.894526672363283648e-03
5.823000000000000000e+03,3.210000000000000000e+02,5.224609375000000000e-02,5.874612630208333325e-02,5.685549265543619890e-02,1.890633646647134347e-03
5.831000000000000000e+03,3.130000000000000000e+02,5.094401041666666435e-02,5.876473846435546766e-02,5.685905507405598913e-02,1.905683390299478530e-03
5.839000000000000000e+03,3.050000000000000000e+02,4.964192708333333565e-02,5.876998850504557004e-02,5.686331227620442658e-02,1.906676228841143461e-03
5.847000000000000000e+03,2.970000000000000000e+02,4.833984375000000000e-02,5.879208831787109679e-02,5.686936442057291541e-02,1.922723897298181384e-03
5.855000000000000000e+03,2.890000000000000000e+02,4.703776041666666435e-02,5.879391276041666392e-02,5.687379048665364839e-02,1.920122273763015530e-03
5.863000000000000000e+03,2.810000000000000000e+02,4.573567708333333565e-02,5.882826385498046706e-02,5.688106587727864705e-02,1.947197977701820015e-03
5.871000000000000000e+03,2.730000000000000000e+02,4.443359375000000000e-02,5.881636505126953268e-02,5.688571217854817424e-02,1.930652872721358437e-03
5.879000000000000000e+03,2.650000000000000000e+02,4.313151041666666435e-02,5.882978668212890394e-02,5.689333801269531171e-02,1.936448669433592229e-03
5.887000000000000000e+03,2.570000000000000000e+02,4.182942708333333565e-02,5.888217366536458580e-02,5.690184529622396153e-02,1.980328369140624267e-03
5.895000000000000000e+03,2.490000000000000000e+02,4.052734375000000000e-02,5.889519958496093610e-02,5.691150563557943048e-02,1.983693949381505617e-03
5.903000000000000000e+03,2.410000000000000000e+02,3.922526041666666435e-02,5.891510264078776010e-02,5.692148691813150863e-02,1.993615722656251477e-03
5.911000000000000000e+03,2.330000000000000000e+02,3.792317708333333565e-02,5.892662506103515940e-02,5.693200073242187659e-02,1.994624328613282815e-03
5.919000000000000000e+03,2.250000000000000000e+02,3.662109375000000000e-02,5.895695190429687399e-02,5.694441630045572744e-02,2.012535603841146548e-03
5.927000000000000000e+03,2.170000000000000000e+02,3.531901041666666435e-02,5.897778828938802370e-02,5.695948638916015910e-02,2.018301900227864598e-03
5.935000000000000000e+03,2.090000000000000000e+02,3.401692708333333565e-02,5.897245279947916502e-02,5.697444254557291338e-02,1.998010253906251643e-03
5.943000000000000000e+03,2.010000000000000000e+02,3.271484375000000000e-02,5.901540120442708148e-02,5.699191589355468573e-02,2.023485310872395748e-03
5.951000000000000000e+03,1.930000000000000000e+02,3.141276041666666435e-02,5.908908793131510684e-02,5.701335296630859195e-02,2.075734965006514887e-03
5.959000000000000000e+03,1.850000000000000000e+02,3.011067708333333218e-02,5.909353485107422116e-02,5.703416137695312832e-02,2.059373474121092840e-03
5.967000000000000000e+03,1.770000000000000000e+02,2.880859375000000000e-02,5.914463602701822836e-02,5.706157277425129987e-02,2.083063252766928497e-03
5.975000000000000000e+03,1.690000000000000000e+02,2.750651041666666782e-02,5.919769846598307156e-02,5.709400278727213424e-02,2.103695678710937322e-03
5.983000000000000000e+03,1.610000000000000000e+02,2.620442708333333218e-02,5.926047668457030959e-02,5.713244069417317689e-02,2.128035990397132704e-03
5.991000000000000000e+03,1.530000000000000000e+02,2.490234375000000000e-02,5.933952331542968750e-02,5.717350616455078166e-02,2.166017150878905839e-03
5.999000000000000000e+03,1.450000000000000000e+02,2.360026041666666782e-02,5.940203603108724223e-02,5.722344614664713613e-02,2.178589884440106095e-03
6.007000000000000000e+03,1.370000000000000000e+02,2.229817708333333218e-02,5.948524068196614500e-02,5.728032735188801766e-02,2.204913330078127343e-03
6.015000000000000000e+03,1.290000000000000000e+02,2.099609375000000000e-02,5.958120168050130144e-02,5.734646504720052052e-02,2.234736633300780928e-03
6.023000000000000000e+03,1.210000000000000000e+02,1.969401041666666782e-02,5.972142130533854287e-02,5.743632354736328410e-02,2.285097757975258770e-03
6.031000000000000000e+03,1.130000000000000000e+02,1.839192708333333218e-02,5.987219390869140401e-02,5.757766469319661184e-02,2.294529215494792163e-03
6.039000000000000000e+03,1.050000000000000000e+02,1.708984375000000000e-02,6.034634653727213860e-02,5.785432484944661585e-02,2.492021687825522747e-03
6.047000000000000000e+03,9.700000000000000000e+01,1.578776041666666782e-02,6.213343098958333532e-02,5.881991882324218851e-02,3.313512166341146814e-03
6.055000000000000000e+03,8.900000000000000000e+01,1.448567708333333391e-02,6.687523651123046531e-02,6.132266387939452890e-02,5.552572631835936412e-03
6.063000000000000000e+03,8.100000000000000000e+01,1.318359375000000000e-02,7.511487223307292127e-02,6.543665211995443320e-02,9.678220113118488066e-03
6.071000000000000000e+03,7.300000000000000000e+01,1.188151041666666609e-02,8.790155131022135693e-02,7.315242411295573566e-02,1.474912719726562127e-02
6.079000000000000000e+03,6.500000000000000000e+01,1.057942708333333391e-02,1.082385096232096333e-01,8.434041188557943325e-02,2.389809773763020007e-02
6.087000000000000000e+03,5.700000000000000000e+01,9.277343750000000000e-03,1.398035481770833199e-01,1.026000752766927093e-01,3.720347290039061061e-02
6.095000000000000000e+03,4.900000000000000000e+01,7.975260416666666088e-03,1.825450032552083379e-01,1.295188181559244756e-01,5.302618509928386237e-02
6.103000000000000000e+03,4.100000000000000000e+01,6.673177083333333044e-03,2.396472859700520819e-01,1.623798380533854058e-01,7.726744791666667611e-02
6.111000000000000000e+03,3.300000000000000000e+01,5.371093750000000000e-03,3.199566446940104170e-01,2.110093383789062582e-01,1.089473063151041587e-01
6.119000000000000000e+03,2.500000000000000000e+01,4.069010416666666956e-03,4.198431762695312708e-01,2.776524088541666435e-01,1.421907674153646273e-01
6.127000000000000000e+03,1.700000000000000000e+01,2.766927083333333478e-03,5.582468505859374819e-01,3.816807373046874896e-01,1.765661132812499923e-01
6.135000000000000000e+03,9.000000000000000000e+00,1.464843750000000000e-03,7.620204142252604562e-01,5.758344238281249972e-01,1.861859903971354591e-01
6.143000000000000000e+03,1.000000000000000000e+00,1.627604166666666576e-04,9.676287597656250128e-01,9.254961669921875078e-01,4.213259277343750497e-02
